SampleID,BarcodeSequence,LinkerPrimerSequence,ReversePrimer,PrimerName,Description,Pipeline
M_HMPMockV1.1.Even1,TGTACGGATAAC,GTGCCAGCMGCCGCGGTAA,GGACTACHVGGGTWTCTAAT,515f-806r,Nenehozi,mothur
M_HMPMockV1.1.Even2,CAAATGGTCGTC,GTGCCAGCMGCCGCGGTAA,GGACTACHVGGGTWTCTAAT,515f-806r,Tofekoca,mothur
M_HMPMockV1.2.Staggered1,AATCAACTAGGC,GTGCCAGCMGCCGCGGTAA,GGACTACHVGGGTWTCTAAT,515f-806r,Kalofiyo,mothur
M_HMPMockV1.2.Staggered2,ACACATAAGTCG,GTGCCAGCMGCCGCGGTAA,GGACTACHVGGGTWTCTAAT,515f-806r,Pewizifo,mothur
Q_HMPMockV1.1.Even1,TGTACGGATAAC,GTGCCAGCMGCCGCGGTAA,GGACTACHVGGGTWTCTAAT,515f-806r,Nenehozi,QIIME2
Q_HMPMockV1.1.Even2,CAAATGGTCGTC,GTGCCAGCMGCCGCGGTAA,GGACTACHVGGGTWTCTAAT,515f-806r,Tofekoca,QIIME2
Q_HMPMockV1.2.Staggered1,AATCAACTAGGC,GTGCCAGCMGCCGCGGTAA,GGACTACHVGGGTWTCTAAT,515f-806r,Kalofiyo,QIIME2
Q_HMPMockV1.2.Staggered2,ACACATAAGTCG,GTGCCAGCMGCCGCGGTAA,GGACTACHVGGGTWTCTAAT,515f-806r,Pewizifo,QIIME2
G_HMPMockV1.1.Even1,TGTACGGATAAC,GTGCCAGCMGCCGCGGTAA,GGACTACHVGGGTWTCTAAT,515f-806r,Nenehozi,MG-RAST
G_HMPMockV1.1.Even2,CAAATGGTCGTC,GTGCCAGCMGCCGCGGTAA,GGACTACHVGGGTWTCTAAT,515f-806r,Tofekoca,MG-RAST
G_HMPMockV1.2.Staggered1,AATCAACTAGGC,GTGCCAGCMGCCGCGGTAA,GGACTACHVGGGTWTCTAAT,515f-806r,Kalofiyo,MG-RAST
G_HMPMockV1.2.Staggered2,ACACATAAGTCG,GTGCCAGCMGCCGCGGTAA,GGACTACHVGGGTWTCTAAT,515f-806r,Pewizifo,MG-RAST
