,OTU,Sample,Abundance,SampleID,BarcodeSequence,LinkerPrimerSequence,ReversePrimer,PrimerName,Description,Pipeline,Kingdom,Phylum,Class,Order,Family,Genus
154,sp22,HMPMockV1.2.Staggered2,2929,G_HMPMockV1.2.Staggered2,ACACATAAGTCG,GTGCCAGCMGCCGCGGTAA,GGACTACHVGGGTWTCTAAT,515f-806r,Pewizifo,MG-RAST,Bacteria,Firmicutes,Bacilli,Bacillales,Staphylococcaceae,Staphylococcus
149,sp22,HMPMockV1.2.Staggered2,2894,Q_HMPMockV1.2.Staggered2,ACACATAAGTCG,GTGCCAGCMGCCGCGGTAA,GGACTACHVGGGTWTCTAAT,515f-806r,Pewizifo,QIIME2,Bacteria,Firmicutes,Bacilli,Bacillales,Staphylococcaceae,Staphylococcus
152,sp22,HMPMockV1.2.Staggered1,2846,Q_HMPMockV1.2.Staggered1,AATCAACTAGGC,GTGCCAGCMGCCGCGGTAA,GGACTACHVGGGTWTCTAAT,515f-806r,Kalofiyo,QIIME2,Bacteria,Firmicutes,Bacilli,Bacillales,Staphylococcaceae,Staphylococcus
153,sp22,HMPMockV1.1.Even2,2542,Q_HMPMockV1.1.Even2,CAAATGGTCGTC,GTGCCAGCMGCCGCGGTAA,GGACTACHVGGGTWTCTAAT,515f-806r,Tofekoca,QIIME2,Bacteria,Firmicutes,Bacilli,Bacillales,Staphylococcaceae,Staphylococcus
145,sp22,HMPMockV1.1.Even2,2430,G_HMPMockV1.1.Even2,CAAATGGTCGTC,GTGCCAGCMGCCGCGGTAA,GGACTACHVGGGTWTCTAAT,515f-806r,Tofekoca,MG-RAST,Bacteria,Firmicutes,Bacilli,Bacillales,Staphylococcaceae,Staphylococcus
146,sp22,HMPMockV1.1.Even1,2308,Q_HMPMockV1.1.Even1,TGTACGGATAAC,GTGCCAGCMGCCGCGGTAA,GGACTACHVGGGTWTCTAAT,515f-806r,Nenehozi,QIIME2,Bacteria,Firmicutes,Bacilli,Bacillales,Staphylococcaceae,Staphylococcus
148,sp22,HMPMockV1.2.Staggered1,2117,G_HMPMockV1.2.Staggered1,AATCAACTAGGC,GTGCCAGCMGCCGCGGTAA,GGACTACHVGGGTWTCTAAT,515f-806r,Kalofiyo,MG-RAST,Bacteria,Firmicutes,Bacilli,Bacillales,Staphylococcaceae,Staphylococcus
155,sp22,HMPMockV1.1.Even1,2084,G_HMPMockV1.1.Even1,TGTACGGATAAC,GTGCCAGCMGCCGCGGTAA,GGACTACHVGGGTWTCTAAT,515f-806r,Nenehozi,MG-RAST,Bacteria,Firmicutes,Bacilli,Bacillales,Staphylococcaceae,Staphylococcus
170,sp24,HMPMockV1.2.Staggered1,1303,M_HMPMockV1.2.Staggered1,AATCAACTAGGC,GTGCCAGCMGCCGCGGTAA,GGACTACHVGGGTWTCTAAT,515f-806r,Kalofiyo,mothur,Bacteria,Firmicutes,Bacilli,Bacillales,Unclassified,Unclassified
175,sp24,HMPMockV1.1.Even2,1267,M_HMPMockV1.1.Even2,CAAATGGTCGTC,GTGCCAGCMGCCGCGGTAA,GGACTACHVGGGTWTCTAAT,515f-806r,Tofekoca,mothur,Bacteria,Firmicutes,Bacilli,Bacillales,Unclassified,Unclassified
277,sp36,HMPMockV1.2.Staggered2,1266,M_HMPMockV1.2.Staggered2,ACACATAAGTCG,GTGCCAGCMGCCGCGGTAA,GGACTACHVGGGTWTCTAAT,515f-806r,Pewizifo,mothur,Bacteria,Firmicutes,Bacilli,Unclassified,Unclassified,Unclassified
172,sp24,HMPMockV1.2.Staggered2,1226,M_HMPMockV1.2.Staggered2,ACACATAAGTCG,GTGCCAGCMGCCGCGGTAA,GGACTACHVGGGTWTCTAAT,515f-806r,Pewizifo,mothur,Bacteria,Firmicutes,Bacilli,Bacillales,Unclassified,Unclassified
178,sp24,HMPMockV1.1.Even1,1169,M_HMPMockV1.1.Even1,TGTACGGATAAC,GTGCCAGCMGCCGCGGTAA,GGACTACHVGGGTWTCTAAT,515f-806r,Nenehozi,mothur,Bacteria,Firmicutes,Bacilli,Bacillales,Unclassified,Unclassified
288,sp36,HMPMockV1.2.Staggered1,1036,M_HMPMockV1.2.Staggered1,AATCAACTAGGC,GTGCCAGCMGCCGCGGTAA,GGACTACHVGGGTWTCTAAT,515f-806r,Kalofiyo,mothur,Bacteria,Firmicutes,Bacilli,Unclassified,Unclassified,Unclassified
284,sp36,HMPMockV1.1.Even2,977,M_HMPMockV1.1.Even2,CAAATGGTCGTC,GTGCCAGCMGCCGCGGTAA,GGACTACHVGGGTWTCTAAT,515f-806r,Tofekoca,mothur,Bacteria,Firmicutes,Bacilli,Unclassified,Unclassified,Unclassified
287,sp36,HMPMockV1.1.Even1,964,M_HMPMockV1.1.Even1,TGTACGGATAAC,GTGCCAGCMGCCGCGGTAA,GGACTACHVGGGTWTCTAAT,515f-806r,Nenehozi,mothur,Bacteria,Firmicutes,Bacilli,Unclassified,Unclassified,Unclassified
674,sp74,HMPMockV1.2.Staggered2,914,G_HMPMockV1.2.Staggered2,ACACATAAGTCG,GTGCCAGCMGCCGCGGTAA,GGACTACHVGGGTWTCTAAT,515f-806r,Pewizifo,MG-RAST,Bacteria,Unclassified,Unclassified,Unclassified,Unclassified,Unclassified
678,sp74,HMPMockV1.1.Even1,864,G_HMPMockV1.1.Even1,TGTACGGATAAC,GTGCCAGCMGCCGCGGTAA,GGACTACHVGGGTWTCTAAT,515f-806r,Nenehozi,MG-RAST,Bacteria,Unclassified,Unclassified,Unclassified,Unclassified,Unclassified
675,sp74,HMPMockV1.1.Even2,818,G_HMPMockV1.1.Even2,CAAATGGTCGTC,GTGCCAGCMGCCGCGGTAA,GGACTACHVGGGTWTCTAAT,515f-806r,Tofekoca,MG-RAST,Bacteria,Unclassified,Unclassified,Unclassified,Unclassified,Unclassified
677,sp74,HMPMockV1.2.Staggered1,798,G_HMPMockV1.2.Staggered1,AATCAACTAGGC,GTGCCAGCMGCCGCGGTAA,GGACTACHVGGGTWTCTAAT,515f-806r,Kalofiyo,MG-RAST,Bacteria,Unclassified,Unclassified,Unclassified,Unclassified,Unclassified
251,sp33,HMPMockV1.2.Staggered1,637,Q_HMPMockV1.2.Staggered1,AATCAACTAGGC,GTGCCAGCMGCCGCGGTAA,GGACTACHVGGGTWTCTAAT,515f-806r,Kalofiyo,QIIME2,Bacteria,Firmicutes,Bacilli,Lactobacillales,Streptococcaceae,Streptococcus
274,sp35,HMPMockV1.2.Staggered1,587,M_HMPMockV1.2.Staggered1,AATCAACTAGGC,GTGCCAGCMGCCGCGGTAA,GGACTACHVGGGTWTCTAAT,515f-806r,Kalofiyo,mothur,Bacteria,Firmicutes,Bacilli,Lactobacillales,Unclassified,Unclassified
245,sp33,HMPMockV1.2.Staggered2,519,Q_HMPMockV1.2.Staggered2,ACACATAAGTCG,GTGCCAGCMGCCGCGGTAA,GGACTACHVGGGTWTCTAAT,515f-806r,Pewizifo,QIIME2,Bacteria,Firmicutes,Bacilli,Lactobacillales,Streptococcaceae,Streptococcus
2,sp1,HMPMockV1.2.Staggered1,506,G_HMPMockV1.2.Staggered1,AATCAACTAGGC,GTGCCAGCMGCCGCGGTAA,GGACTACHVGGGTWTCTAAT,515f-806r,Kalofiyo,MG-RAST,Archaea,Euryarchaeota,Methanobacteria,Methanobacteriales,Methanobacteriaceae,Methanobrevibacter
581,sp66,HMPMockV1.1.Even1,493,Q_HMPMockV1.1.Even1,TGTACGGATAAC,GTGCCAGCMGCCGCGGTAA,GGACTACHVGGGTWTCTAAT,515f-806r,Nenehozi,QIIME2,Bacteria,Proteobacteria,Gammaproteobacteria,Pseudomonadales,Moraxellaceae,Acinetobacter
271,sp35,HMPMockV1.2.Staggered2,489,M_HMPMockV1.2.Staggered2,ACACATAAGTCG,GTGCCAGCMGCCGCGGTAA,GGACTACHVGGGTWTCTAAT,515f-806r,Pewizifo,mothur,Bacteria,Firmicutes,Bacilli,Lactobacillales,Unclassified,Unclassified
248,sp33,HMPMockV1.2.Staggered1,484,G_HMPMockV1.2.Staggered1,AATCAACTAGGC,GTGCCAGCMGCCGCGGTAA,GGACTACHVGGGTWTCTAAT,515f-806r,Kalofiyo,MG-RAST,Bacteria,Firmicutes,Bacilli,Lactobacillales,Streptococcaceae,Streptococcus
270,sp35,HMPMockV1.1.Even2,473,M_HMPMockV1.1.Even2,CAAATGGTCGTC,GTGCCAGCMGCCGCGGTAA,GGACTACHVGGGTWTCTAAT,515f-806r,Tofekoca,mothur,Bacteria,Firmicutes,Bacilli,Lactobacillales,Unclassified,Unclassified
584,sp66,HMPMockV1.1.Even2,452,Q_HMPMockV1.1.Even2,CAAATGGTCGTC,GTGCCAGCMGCCGCGGTAA,GGACTACHVGGGTWTCTAAT,515f-806r,Tofekoca,QIIME2,Bacteria,Proteobacteria,Gammaproteobacteria,Pseudomonadales,Moraxellaceae,Acinetobacter
79,sp16,HMPMockV1.1.Even1,421,Q_HMPMockV1.1.Even1,TGTACGGATAAC,GTGCCAGCMGCCGCGGTAA,GGACTACHVGGGTWTCTAAT,515f-806r,Nenehozi,QIIME2,Bacteria,Deinococcus-Thermus,Deinococci,Deinococcales,Deinococcaceae,Deinococcus
273,sp35,HMPMockV1.1.Even1,420,M_HMPMockV1.1.Even1,TGTACGGATAAC,GTGCCAGCMGCCGCGGTAA,GGACTACHVGGGTWTCTAAT,515f-806r,Nenehozi,mothur,Bacteria,Firmicutes,Bacilli,Lactobacillales,Unclassified,Unclassified
657,sp71,HMPMockV1.1.Even1,385,M_HMPMockV1.1.Even1,TGTACGGATAAC,GTGCCAGCMGCCGCGGTAA,GGACTACHVGGGTWTCTAAT,515f-806r,Nenehozi,mothur,Bacteria,Proteobacteria,Gammaproteobacteria,Unclassified,Unclassified,Unclassified
424,sp50,HMPMockV1.2.Staggered2,338,G_HMPMockV1.2.Staggered2,ACACATAAGTCG,GTGCCAGCMGCCGCGGTAA,GGACTACHVGGGTWTCTAAT,515f-806r,Pewizifo,MG-RAST,Bacteria,Proteobacteria,Alphaproteobacteria,Rhodobacterales,Rhodobacterales,Rhodobacter
659,sp71,HMPMockV1.1.Even2,334,M_HMPMockV1.1.Even2,CAAATGGTCGTC,GTGCCAGCMGCCGCGGTAA,GGACTACHVGGGTWTCTAAT,515f-806r,Tofekoca,mothur,Bacteria,Proteobacteria,Gammaproteobacteria,Unclassified,Unclassified,Unclassified
679,sp74,HMPMockV1.2.Staggered1,312,M_HMPMockV1.2.Staggered1,AATCAACTAGGC,GTGCCAGCMGCCGCGGTAA,GGACTACHVGGGTWTCTAAT,515f-806r,Kalofiyo,mothur,Bacteria,Unclassified,Unclassified,Unclassified,Unclassified,Unclassified
428,sp50,HMPMockV1.2.Staggered2,308,Q_HMPMockV1.2.Staggered2,ACACATAAGTCG,GTGCCAGCMGCCGCGGTAA,GGACTACHVGGGTWTCTAAT,515f-806r,Pewizifo,QIIME2,Bacteria,Proteobacteria,Alphaproteobacteria,Rhodobacterales,Rhodobacterales,Rhodobacter
244,sp33,HMPMockV1.1.Even2,294,Q_HMPMockV1.1.Even2,CAAATGGTCGTC,GTGCCAGCMGCCGCGGTAA,GGACTACHVGGGTWTCTAAT,515f-806r,Tofekoca,QIIME2,Bacteria,Firmicutes,Bacilli,Lactobacillales,Streptococcaceae,Streptococcus
250,sp33,HMPMockV1.1.Even1,277,Q_HMPMockV1.1.Even1,TGTACGGATAAC,GTGCCAGCMGCCGCGGTAA,GGACTACHVGGGTWTCTAAT,515f-806r,Nenehozi,QIIME2,Bacteria,Firmicutes,Bacilli,Lactobacillales,Streptococcaceae,Streptococcus
402,sp49,HMPMockV1.2.Staggered1,275,M_HMPMockV1.2.Staggered1,AATCAACTAGGC,GTGCCAGCMGCCGCGGTAA,GGACTACHVGGGTWTCTAAT,515f-806r,Kalofiyo,mothur,Bacteria,Firmicutes,Unclassified,Unclassified,Unclassified,Unclassified
425,sp50,HMPMockV1.2.Staggered1,268,Q_HMPMockV1.2.Staggered1,AATCAACTAGGC,GTGCCAGCMGCCGCGGTAA,GGACTACHVGGGTWTCTAAT,515f-806r,Kalofiyo,QIIME2,Bacteria,Proteobacteria,Alphaproteobacteria,Rhodobacterales,Rhodobacterales,Rhodobacter
75,sp16,HMPMockV1.1.Even1,267,G_HMPMockV1.1.Even1,TGTACGGATAAC,GTGCCAGCMGCCGCGGTAA,GGACTACHVGGGTWTCTAAT,515f-806r,Nenehozi,MG-RAST,Bacteria,Deinococcus-Thermus,Deinococci,Deinococcales,Deinococcaceae,Deinococcus
680,sp74,HMPMockV1.2.Staggered2,266,M_HMPMockV1.2.Staggered2,ACACATAAGTCG,GTGCCAGCMGCCGCGGTAA,GGACTACHVGGGTWTCTAAT,515f-806r,Pewizifo,mothur,Bacteria,Unclassified,Unclassified,Unclassified,Unclassified,Unclassified
676,sp74,HMPMockV1.1.Even1,254,M_HMPMockV1.1.Even1,TGTACGGATAAC,GTGCCAGCMGCCGCGGTAA,GGACTACHVGGGTWTCTAAT,515f-806r,Nenehozi,mothur,Bacteria,Unclassified,Unclassified,Unclassified,Unclassified,Unclassified
73,sp16,HMPMockV1.1.Even2,242,Q_HMPMockV1.1.Even2,CAAATGGTCGTC,GTGCCAGCMGCCGCGGTAA,GGACTACHVGGGTWTCTAAT,515f-806r,Tofekoca,QIIME2,Bacteria,Deinococcus-Thermus,Deinococci,Deinococcales,Deinococcaceae,Deinococcus
162,sp23,HMPMockV1.2.Staggered2,238,M_HMPMockV1.2.Staggered2,ACACATAAGTCG,GTGCCAGCMGCCGCGGTAA,GGACTACHVGGGTWTCTAAT,515f-806r,Pewizifo,mothur,Bacteria,Firmicutes,Bacilli,Bacillales,Staphylococcaceae,Unclassified
136,sp20,HMPMockV1.1.Even1,236,G_HMPMockV1.1.Even1,TGTACGGATAAC,GTGCCAGCMGCCGCGGTAA,GGACTACHVGGGTWTCTAAT,515f-806r,Nenehozi,MG-RAST,Bacteria,Firmicutes,Bacilli,Bacillales,Listeriaceae,Listeria
139,sp20,HMPMockV1.1.Even2,234,G_HMPMockV1.1.Even2,CAAATGGTCGTC,GTGCCAGCMGCCGCGGTAA,GGACTACHVGGGTWTCTAAT,515f-806r,Tofekoca,MG-RAST,Bacteria,Firmicutes,Bacilli,Bacillales,Listeriaceae,Listeria
540,sp61,HMPMockV1.2.Staggered2,219,Q_HMPMockV1.2.Staggered2,ACACATAAGTCG,GTGCCAGCMGCCGCGGTAA,GGACTACHVGGGTWTCTAAT,515f-806r,Pewizifo,QIIME2,Bacteria,Proteobacteria,Gammaproteobacteria,Enterobacteriales,Enterobacteriaceae,Escherichia
399,sp49,HMPMockV1.2.Staggered2,214,M_HMPMockV1.2.Staggered2,ACACATAAGTCG,GTGCCAGCMGCCGCGGTAA,GGACTACHVGGGTWTCTAAT,515f-806r,Pewizifo,mothur,Bacteria,Firmicutes,Unclassified,Unclassified,Unclassified,Unclassified
529,sp61,HMPMockV1.2.Staggered1,208,Q_HMPMockV1.2.Staggered1,AATCAACTAGGC,GTGCCAGCMGCCGCGGTAA,GGACTACHVGGGTWTCTAAT,515f-806r,Kalofiyo,QIIME2,Bacteria,Proteobacteria,Gammaproteobacteria,Enterobacteriales,Enterobacteriaceae,Escherichia
157,sp23,HMPMockV1.2.Staggered1,205,M_HMPMockV1.2.Staggered1,AATCAACTAGGC,GTGCCAGCMGCCGCGGTAA,GGACTACHVGGGTWTCTAAT,515f-806r,Kalofiyo,mothur,Bacteria,Firmicutes,Bacilli,Bacillales,Staphylococcaceae,Unclassified
673,sp74,HMPMockV1.1.Even2,205,M_HMPMockV1.1.Even2,CAAATGGTCGTC,GTGCCAGCMGCCGCGGTAA,GGACTACHVGGGTWTCTAAT,515f-806r,Tofekoca,mothur,Bacteria,Unclassified,Unclassified,Unclassified,Unclassified,Unclassified
166,sp23,HMPMockV1.1.Even2,202,M_HMPMockV1.1.Even2,CAAATGGTCGTC,GTGCCAGCMGCCGCGGTAA,GGACTACHVGGGTWTCTAAT,515f-806r,Tofekoca,mothur,Bacteria,Firmicutes,Bacilli,Bacillales,Staphylococcaceae,Unclassified
82,sp16,HMPMockV1.1.Even2,184,G_HMPMockV1.1.Even2,CAAATGGTCGTC,GTGCCAGCMGCCGCGGTAA,GGACTACHVGGGTWTCTAAT,515f-806r,Tofekoca,MG-RAST,Bacteria,Deinococcus-Thermus,Deinococci,Deinococcales,Deinococcaceae,Deinococcus
430,sp50,HMPMockV1.2.Staggered1,184,G_HMPMockV1.2.Staggered1,AATCAACTAGGC,GTGCCAGCMGCCGCGGTAA,GGACTACHVGGGTWTCTAAT,515f-806r,Kalofiyo,MG-RAST,Bacteria,Proteobacteria,Alphaproteobacteria,Rhodobacterales,Rhodobacterales,Rhodobacter
46,sp12,HMPMockV1.1.Even1,178,G_HMPMockV1.1.Even1,TGTACGGATAAC,GTGCCAGCMGCCGCGGTAA,GGACTACHVGGGTWTCTAAT,515f-806r,Nenehozi,MG-RAST,Bacteria,Bacteroidetes,Bacteroidia,Bacteroidales,Bacteroidaceae,Bacteroides
613,sp69,HMPMockV1.1.Even2,170,Q_HMPMockV1.1.Even2,CAAATGGTCGTC,GTGCCAGCMGCCGCGGTAA,GGACTACHVGGGTWTCTAAT,515f-806r,Tofekoca,QIIME2,Bacteria,Proteobacteria,Gammaproteobacteria,Pseudomonadales,Pseudomonadaceae,Pseudomonas
292,sp37,HMPMockV1.2.Staggered2,161,Q_HMPMockV1.2.Staggered2,ACACATAAGTCG,GTGCCAGCMGCCGCGGTAA,GGACTACHVGGGTWTCTAAT,515f-806r,Pewizifo,QIIME2,Bacteria,Firmicutes,Clostridia,Clostridiales,Clostridiaceae,Clostridium
134,sp20,HMPMockV1.1.Even2,159,Q_HMPMockV1.1.Even2,CAAATGGTCGTC,GTGCCAGCMGCCGCGGTAA,GGACTACHVGGGTWTCTAAT,515f-806r,Tofekoca,QIIME2,Bacteria,Firmicutes,Bacilli,Bacillales,Listeriaceae,Listeria
619,sp69,HMPMockV1.1.Even1,159,Q_HMPMockV1.1.Even1,TGTACGGATAAC,GTGCCAGCMGCCGCGGTAA,GGACTACHVGGGTWTCTAAT,515f-806r,Nenehozi,QIIME2,Bacteria,Proteobacteria,Gammaproteobacteria,Pseudomonadales,Pseudomonadaceae,Pseudomonas
144,sp20,HMPMockV1.1.Even1,158,Q_HMPMockV1.1.Even1,TGTACGGATAAC,GTGCCAGCMGCCGCGGTAA,GGACTACHVGGGTWTCTAAT,515f-806r,Nenehozi,QIIME2,Bacteria,Firmicutes,Bacilli,Bacillales,Listeriaceae,Listeria
564,sp64,HMPMockV1.2.Staggered2,158,M_HMPMockV1.2.Staggered2,ACACATAAGTCG,GTGCCAGCMGCCGCGGTAA,GGACTACHVGGGTWTCTAAT,515f-806r,Pewizifo,mothur,Bacteria,Proteobacteria,Gammaproteobacteria,Enterobacteriales,Enterobacteriaceae,Unclassified
206,sp3,HMPMockV1.2.Staggered1,156,G_HMPMockV1.2.Staggered1,AATCAACTAGGC,GTGCCAGCMGCCGCGGTAA,GGACTACHVGGGTWTCTAAT,515f-806r,Kalofiyo,MG-RAST,Archaea,Euryarchaeota,Unclassified,Unclassified,Unclassified,Unclassified
163,sp23,HMPMockV1.1.Even1,151,M_HMPMockV1.1.Even1,TGTACGGATAAC,GTGCCAGCMGCCGCGGTAA,GGACTACHVGGGTWTCTAAT,515f-806r,Nenehozi,mothur,Bacteria,Firmicutes,Bacilli,Bacillales,Staphylococcaceae,Unclassified
691,sp75,HMPMockV1.2.Staggered1,146,M_HMPMockV1.2.Staggered1,AATCAACTAGGC,GTGCCAGCMGCCGCGGTAA,GGACTACHVGGGTWTCTAAT,515f-806r,Kalofiyo,mothur,Unclassified,Unclassified,Unclassified,Unclassified,Unclassified,Unclassified
433,sp51,HMPMockV1.2.Staggered2,144,M_HMPMockV1.2.Staggered2,ACACATAAGTCG,GTGCCAGCMGCCGCGGTAA,GGACTACHVGGGTWTCTAAT,515f-806r,Pewizifo,mothur,Bacteria,Proteobacteria,Alphaproteobacteria,Rhodobacterales,Rhodobacterales,Unclassified
252,sp33,HMPMockV1.1.Even2,142,G_HMPMockV1.1.Even2,CAAATGGTCGTC,GTGCCAGCMGCCGCGGTAA,GGACTACHVGGGTWTCTAAT,515f-806r,Tofekoca,MG-RAST,Bacteria,Firmicutes,Bacilli,Lactobacillales,Streptococcaceae,Streptococcus
438,sp51,HMPMockV1.2.Staggered1,139,M_HMPMockV1.2.Staggered1,AATCAACTAGGC,GTGCCAGCMGCCGCGGTAA,GGACTACHVGGGTWTCTAAT,515f-806r,Kalofiyo,mothur,Bacteria,Proteobacteria,Alphaproteobacteria,Rhodobacterales,Rhodobacterales,Unclassified
553,sp64,HMPMockV1.2.Staggered1,132,M_HMPMockV1.2.Staggered1,AATCAACTAGGC,GTGCCAGCMGCCGCGGTAA,GGACTACHVGGGTWTCTAAT,515f-806r,Kalofiyo,mothur,Bacteria,Proteobacteria,Gammaproteobacteria,Enterobacteriales,Enterobacteriaceae,Unclassified
291,sp37,HMPMockV1.1.Even2,131,Q_HMPMockV1.1.Even2,CAAATGGTCGTC,GTGCCAGCMGCCGCGGTAA,GGACTACHVGGGTWTCTAAT,515f-806r,Tofekoca,QIIME2,Bacteria,Firmicutes,Clostridia,Clostridiales,Clostridiaceae,Clostridium
489,sp57,HMPMockV1.1.Even1,130,G_HMPMockV1.1.Even1,TGTACGGATAAC,GTGCCAGCMGCCGCGGTAA,GGACTACHVGGGTWTCTAAT,515f-806r,Nenehozi,MG-RAST,Bacteria,Proteobacteria,Epsilonproteobacteria,Campylobacterales,Helicobacteraceae,Helicobacter
294,sp37,HMPMockV1.1.Even1,129,Q_HMPMockV1.1.Even1,TGTACGGATAAC,GTGCCAGCMGCCGCGGTAA,GGACTACHVGGGTWTCTAAT,515f-806r,Nenehozi,QIIME2,Bacteria,Firmicutes,Clostridia,Clostridiales,Clostridiaceae,Clostridium
297,sp37,HMPMockV1.2.Staggered2,127,G_HMPMockV1.2.Staggered2,ACACATAAGTCG,GTGCCAGCMGCCGCGGTAA,GGACTACHVGGGTWTCTAAT,515f-806r,Pewizifo,MG-RAST,Bacteria,Firmicutes,Clostridia,Clostridiales,Clostridiaceae,Clostridium
11,sp1,HMPMockV1.2.Staggered1,126,Q_HMPMockV1.2.Staggered1,AATCAACTAGGC,GTGCCAGCMGCCGCGGTAA,GGACTACHVGGGTWTCTAAT,515f-806r,Kalofiyo,QIIME2,Archaea,Euryarchaeota,Methanobacteria,Methanobacteriales,Methanobacteriaceae,Methanobrevibacter
77,sp16,HMPMockV1.1.Even1,117,M_HMPMockV1.1.Even1,TGTACGGATAAC,GTGCCAGCMGCCGCGGTAA,GGACTACHVGGGTWTCTAAT,515f-806r,Nenehozi,mothur,Bacteria,Deinococcus-Thermus,Deinococci,Deinococcales,Deinococcaceae,Deinococcus
476,sp54,HMPMockV1.1.Even1,116,M_HMPMockV1.1.Even1,TGTACGGATAAC,GTGCCAGCMGCCGCGGTAA,GGACTACHVGGGTWTCTAAT,515f-806r,Nenehozi,mothur,Bacteria,Proteobacteria,Betaproteobacteria,Neisseriales,Neisseriaceae,Unclassified
298,sp37,HMPMockV1.1.Even1,115,G_HMPMockV1.1.Even1,TGTACGGATAAC,GTGCCAGCMGCCGCGGTAA,GGACTACHVGGGTWTCTAAT,515f-806r,Nenehozi,MG-RAST,Bacteria,Firmicutes,Clostridia,Clostridiales,Clostridiaceae,Clostridium
458,sp53,HMPMockV1.1.Even2,114,G_HMPMockV1.1.Even2,CAAATGGTCGTC,GTGCCAGCMGCCGCGGTAA,GGACTACHVGGGTWTCTAAT,515f-806r,Tofekoca,MG-RAST,Bacteria,Proteobacteria,Betaproteobacteria,Neisseriales,Neisseriaceae,Neisseria
464,sp53,HMPMockV1.1.Even1,114,Q_HMPMockV1.1.Even1,TGTACGGATAAC,GTGCCAGCMGCCGCGGTAA,GGACTACHVGGGTWTCTAAT,515f-806r,Nenehozi,QIIME2,Bacteria,Proteobacteria,Betaproteobacteria,Neisseriales,Neisseriaceae,Neisseria
256,sp34,HMPMockV1.1.Even2,113,M_HMPMockV1.1.Even2,CAAATGGTCGTC,GTGCCAGCMGCCGCGGTAA,GGACTACHVGGGTWTCTAAT,515f-806r,Tofekoca,mothur,Bacteria,Firmicutes,Bacilli,Lactobacillales,Streptococcaceae,Unclassified
296,sp37,HMPMockV1.1.Even2,110,G_HMPMockV1.1.Even2,CAAATGGTCGTC,GTGCCAGCMGCCGCGGTAA,GGACTACHVGGGTWTCTAAT,515f-806r,Tofekoca,MG-RAST,Bacteria,Firmicutes,Clostridia,Clostridiales,Clostridiaceae,Clostridium
687,sp75,HMPMockV1.2.Staggered2,110,M_HMPMockV1.2.Staggered2,ACACATAAGTCG,GTGCCAGCMGCCGCGGTAA,GGACTACHVGGGTWTCTAAT,515f-806r,Pewizifo,mothur,Unclassified,Unclassified,Unclassified,Unclassified,Unclassified,Unclassified
620,sp69,HMPMockV1.2.Staggered1,109,Q_HMPMockV1.2.Staggered1,AATCAACTAGGC,GTGCCAGCMGCCGCGGTAA,GGACTACHVGGGTWTCTAAT,515f-806r,Kalofiyo,QIIME2,Bacteria,Proteobacteria,Gammaproteobacteria,Pseudomonadales,Pseudomonadaceae,Pseudomonas
648,sp70,HMPMockV1.1.Even1,107,M_HMPMockV1.1.Even1,TGTACGGATAAC,GTGCCAGCMGCCGCGGTAA,GGACTACHVGGGTWTCTAAT,515f-806r,Nenehozi,mothur,Bacteria,Proteobacteria,Gammaproteobacteria,Pseudomonadales,Pseudomonadaceae,Unclassified
295,sp37,HMPMockV1.2.Staggered1,104,Q_HMPMockV1.2.Staggered1,AATCAACTAGGC,GTGCCAGCMGCCGCGGTAA,GGACTACHVGGGTWTCTAAT,515f-806r,Kalofiyo,QIIME2,Bacteria,Firmicutes,Clostridia,Clostridiales,Clostridiaceae,Clostridium
614,sp69,HMPMockV1.2.Staggered2,103,Q_HMPMockV1.2.Staggered2,ACACATAAGTCG,GTGCCAGCMGCCGCGGTAA,GGACTACHVGGGTWTCTAAT,515f-806r,Pewizifo,QIIME2,Bacteria,Proteobacteria,Gammaproteobacteria,Pseudomonadales,Pseudomonadaceae,Pseudomonas
116,sp19,HMPMockV1.1.Even2,98,Q_HMPMockV1.1.Even2,CAAATGGTCGTC,GTGCCAGCMGCCGCGGTAA,GGACTACHVGGGTWTCTAAT,515f-806r,Tofekoca,QIIME2,Bacteria,Firmicutes,Bacilli,Bacillales,Bacillaceae,Bacillus
193,sp27,HMPMockV1.1.Even1,96,G_HMPMockV1.1.Even1,TGTACGGATAAC,GTGCCAGCMGCCGCGGTAA,GGACTACHVGGGTWTCTAAT,515f-806r,Nenehozi,MG-RAST,Bacteria,Firmicutes,Bacilli,Lactobacillales,Enterococcaceae,Enterococcus
324,sp4,HMPMockV1.1.Even2,95,G_HMPMockV1.1.Even2,CAAATGGTCGTC,GTGCCAGCMGCCGCGGTAA,GGACTACHVGGGTWTCTAAT,515f-806r,Tofekoca,MG-RAST,Bacteria,Actinobacteria,Actinobacteria,Actinomycetales,Actinomycetaceae,Actinomyces
460,sp53,HMPMockV1.1.Even1,95,G_HMPMockV1.1.Even1,TGTACGGATAAC,GTGCCAGCMGCCGCGGTAA,GGACTACHVGGGTWTCTAAT,515f-806r,Nenehozi,MG-RAST,Bacteria,Proteobacteria,Betaproteobacteria,Neisseriales,Neisseriaceae,Neisseria
84,sp16,HMPMockV1.1.Even2,91,M_HMPMockV1.1.Even2,CAAATGGTCGTC,GTGCCAGCMGCCGCGGTAA,GGACTACHVGGGTWTCTAAT,515f-806r,Tofekoca,mothur,Bacteria,Deinococcus-Thermus,Deinococci,Deinococcales,Deinococcaceae,Deinococcus
259,sp34,HMPMockV1.1.Even1,90,M_HMPMockV1.1.Even1,TGTACGGATAAC,GTGCCAGCMGCCGCGGTAA,GGACTACHVGGGTWTCTAAT,515f-806r,Nenehozi,mothur,Bacteria,Firmicutes,Bacilli,Lactobacillales,Streptococcaceae,Unclassified
466,sp53,HMPMockV1.1.Even2,89,Q_HMPMockV1.1.Even2,CAAATGGTCGTC,GTGCCAGCMGCCGCGGTAA,GGACTACHVGGGTWTCTAAT,515f-806r,Tofekoca,QIIME2,Bacteria,Proteobacteria,Betaproteobacteria,Neisseriales,Neisseriaceae,Neisseria
303,sp38,HMPMockV1.1.Even2,88,M_HMPMockV1.1.Even2,CAAATGGTCGTC,GTGCCAGCMGCCGCGGTAA,GGACTACHVGGGTWTCTAAT,515f-806r,Tofekoca,mothur,Bacteria,Firmicutes,Clostridia,Clostridiales,Clostridiaceae,Unclassified
688,sp75,HMPMockV1.1.Even2,87,M_HMPMockV1.1.Even2,CAAATGGTCGTC,GTGCCAGCMGCCGCGGTAA,GGACTACHVGGGTWTCTAAT,515f-806r,Tofekoca,mothur,Unclassified,Unclassified,Unclassified,Unclassified,Unclassified,Unclassified
3,sp1,HMPMockV1.2.Staggered2,83,Q_HMPMockV1.2.Staggered2,ACACATAAGTCG,GTGCCAGCMGCCGCGGTAA,GGACTACHVGGGTWTCTAAT,515f-806r,Pewizifo,QIIME2,Archaea,Euryarchaeota,Methanobacteria,Methanobacteriales,Methanobacteriaceae,Methanobrevibacter
692,sp75,HMPMockV1.1.Even1,81,M_HMPMockV1.1.Even1,TGTACGGATAAC,GTGCCAGCMGCCGCGGTAA,GGACTACHVGGGTWTCTAAT,515f-806r,Nenehozi,mothur,Unclassified,Unclassified,Unclassified,Unclassified,Unclassified,Unclassified
110,sp19,HMPMockV1.1.Even1,80,Q_HMPMockV1.1.Even1,TGTACGGATAAC,GTGCCAGCMGCCGCGGTAA,GGACTACHVGGGTWTCTAAT,515f-806r,Nenehozi,QIIME2,Bacteria,Firmicutes,Bacilli,Bacillales,Bacillaceae,Bacillus
646,sp70,HMPMockV1.1.Even2,80,M_HMPMockV1.1.Even2,CAAATGGTCGTC,GTGCCAGCMGCCGCGGTAA,GGACTACHVGGGTWTCTAAT,515f-806r,Tofekoca,mothur,Bacteria,Proteobacteria,Gammaproteobacteria,Pseudomonadales,Pseudomonadaceae,Unclassified
67,sp14,HMPMockV1.1.Even1,79,M_HMPMockV1.1.Even1,TGTACGGATAAC,GTGCCAGCMGCCGCGGTAA,GGACTACHVGGGTWTCTAAT,515f-806r,Nenehozi,mothur,Bacteria,Bacteroidetes,Bacteroidia,Unclassified,Unclassified,Unclassified
115,sp19,HMPMockV1.1.Even1,79,G_HMPMockV1.1.Even1,TGTACGGATAAC,GTGCCAGCMGCCGCGGTAA,GGACTACHVGGGTWTCTAAT,515f-806r,Nenehozi,MG-RAST,Bacteria,Firmicutes,Bacilli,Bacillales,Bacillaceae,Bacillus
306,sp38,HMPMockV1.1.Even1,79,M_HMPMockV1.1.Even1,TGTACGGATAAC,GTGCCAGCMGCCGCGGTAA,GGACTACHVGGGTWTCTAAT,515f-806r,Nenehozi,mothur,Bacteria,Firmicutes,Clostridia,Clostridiales,Clostridiaceae,Unclassified
304,sp38,HMPMockV1.2.Staggered2,77,M_HMPMockV1.2.Staggered2,ACACATAAGTCG,GTGCCAGCMGCCGCGGTAA,GGACTACHVGGGTWTCTAAT,515f-806r,Pewizifo,mothur,Bacteria,Firmicutes,Clostridia,Clostridiales,Clostridiaceae,Unclassified
92,sp17,HMPMockV1.1.Even1,76,M_HMPMockV1.1.Even1,TGTACGGATAAC,GTGCCAGCMGCCGCGGTAA,GGACTACHVGGGTWTCTAAT,515f-806r,Nenehozi,mothur,Bacteria,Deinococcus-Thermus,Deinococci,Deinococcales,Deinococcaceae,Unclassified
323,sp4,HMPMockV1.1.Even1,74,G_HMPMockV1.1.Even1,TGTACGGATAAC,GTGCCAGCMGCCGCGGTAA,GGACTACHVGGGTWTCTAAT,515f-806r,Nenehozi,MG-RAST,Bacteria,Actinobacteria,Actinobacteria,Actinomycetales,Actinomycetaceae,Actinomyces
112,sp19,HMPMockV1.1.Even2,73,G_HMPMockV1.1.Even2,CAAATGGTCGTC,GTGCCAGCMGCCGCGGTAA,GGACTACHVGGGTWTCTAAT,515f-806r,Tofekoca,MG-RAST,Bacteria,Firmicutes,Bacilli,Bacillales,Bacillaceae,Bacillus
319,sp4,HMPMockV1.1.Even2,73,Q_HMPMockV1.1.Even2,CAAATGGTCGTC,GTGCCAGCMGCCGCGGTAA,GGACTACHVGGGTWTCTAAT,515f-806r,Tofekoca,QIIME2,Bacteria,Actinobacteria,Actinobacteria,Actinomycetales,Actinomycetaceae,Actinomyces
479,sp54,HMPMockV1.1.Even2,73,M_HMPMockV1.1.Even2,CAAATGGTCGTC,GTGCCAGCMGCCGCGGTAA,GGACTACHVGGGTWTCTAAT,515f-806r,Tofekoca,mothur,Bacteria,Proteobacteria,Betaproteobacteria,Neisseriales,Neisseriaceae,Unclassified
315,sp4,HMPMockV1.1.Even1,72,Q_HMPMockV1.1.Even1,TGTACGGATAAC,GTGCCAGCMGCCGCGGTAA,GGACTACHVGGGTWTCTAAT,515f-806r,Nenehozi,QIIME2,Bacteria,Actinobacteria,Actinobacteria,Actinomycetales,Actinomycetaceae,Actinomyces
299,sp37,HMPMockV1.2.Staggered1,71,G_HMPMockV1.2.Staggered1,AATCAACTAGGC,GTGCCAGCMGCCGCGGTAA,GGACTACHVGGGTWTCTAAT,515f-806r,Kalofiyo,MG-RAST,Bacteria,Firmicutes,Clostridia,Clostridiales,Clostridiaceae,Clostridium
70,sp14,HMPMockV1.1.Even2,64,M_HMPMockV1.1.Even2,CAAATGGTCGTC,GTGCCAGCMGCCGCGGTAA,GGACTACHVGGGTWTCTAAT,515f-806r,Tofekoca,mothur,Bacteria,Bacteroidetes,Bacteroidia,Unclassified,Unclassified,Unclassified
196,sp27,HMPMockV1.1.Even1,63,Q_HMPMockV1.1.Even1,TGTACGGATAAC,GTGCCAGCMGCCGCGGTAA,GGACTACHVGGGTWTCTAAT,515f-806r,Nenehozi,QIIME2,Bacteria,Firmicutes,Bacilli,Lactobacillales,Enterococcaceae,Enterococcus
242,sp33,HMPMockV1.1.Even2,61,M_HMPMockV1.1.Even2,CAAATGGTCGTC,GTGCCAGCMGCCGCGGTAA,GGACTACHVGGGTWTCTAAT,515f-806r,Tofekoca,mothur,Bacteria,Firmicutes,Bacilli,Lactobacillales,Streptococcaceae,Streptococcus
249,sp33,HMPMockV1.1.Even1,61,M_HMPMockV1.1.Even1,TGTACGGATAAC,GTGCCAGCMGCCGCGGTAA,GGACTACHVGGGTWTCTAAT,515f-806r,Nenehozi,mothur,Bacteria,Firmicutes,Bacilli,Lactobacillales,Streptococcaceae,Streptococcus
446,sp52,HMPMockV1.2.Staggered2,61,M_HMPMockV1.2.Staggered2,ACACATAAGTCG,GTGCCAGCMGCCGCGGTAA,GGACTACHVGGGTWTCTAAT,515f-806r,Pewizifo,mothur,Bacteria,Proteobacteria,Alphaproteobacteria,Unclassified,Unclassified,Unclassified
117,sp19,HMPMockV1.2.Staggered2,60,Q_HMPMockV1.2.Staggered2,ACACATAAGTCG,GTGCCAGCMGCCGCGGTAA,GGACTACHVGGGTWTCTAAT,515f-806r,Pewizifo,QIIME2,Bacteria,Firmicutes,Bacilli,Bacillales,Bacillaceae,Bacillus
198,sp27,HMPMockV1.1.Even2,59,G_HMPMockV1.1.Even2,CAAATGGTCGTC,GTGCCAGCMGCCGCGGTAA,GGACTACHVGGGTWTCTAAT,515f-806r,Tofekoca,MG-RAST,Bacteria,Firmicutes,Bacilli,Lactobacillales,Enterococcaceae,Enterococcus
307,sp38,HMPMockV1.2.Staggered1,58,M_HMPMockV1.2.Staggered1,AATCAACTAGGC,GTGCCAGCMGCCGCGGTAA,GGACTACHVGGGTWTCTAAT,515f-806r,Kalofiyo,mothur,Bacteria,Firmicutes,Clostridia,Clostridiales,Clostridiaceae,Unclassified
644,sp70,HMPMockV1.2.Staggered1,58,M_HMPMockV1.2.Staggered1,AATCAACTAGGC,GTGCCAGCMGCCGCGGTAA,GGACTACHVGGGTWTCTAAT,515f-806r,Kalofiyo,mothur,Bacteria,Proteobacteria,Gammaproteobacteria,Pseudomonadales,Pseudomonadaceae,Unclassified
405,sp49,HMPMockV1.1.Even1,50,M_HMPMockV1.1.Even1,TGTACGGATAAC,GTGCCAGCMGCCGCGGTAA,GGACTACHVGGGTWTCTAAT,515f-806r,Nenehozi,mothur,Bacteria,Firmicutes,Unclassified,Unclassified,Unclassified,Unclassified
111,sp19,HMPMockV1.2.Staggered1,49,G_HMPMockV1.2.Staggered1,AATCAACTAGGC,GTGCCAGCMGCCGCGGTAA,GGACTACHVGGGTWTCTAAT,515f-806r,Kalofiyo,MG-RAST,Bacteria,Firmicutes,Bacilli,Bacillales,Bacillaceae,Bacillus
119,sp19,HMPMockV1.2.Staggered1,49,Q_HMPMockV1.2.Staggered1,AATCAACTAGGC,GTGCCAGCMGCCGCGGTAA,GGACTACHVGGGTWTCTAAT,515f-806r,Kalofiyo,QIIME2,Bacteria,Firmicutes,Bacilli,Bacillales,Bacillaceae,Bacillus
202,sp27,HMPMockV1.1.Even2,49,Q_HMPMockV1.1.Even2,CAAATGGTCGTC,GTGCCAGCMGCCGCGGTAA,GGACTACHVGGGTWTCTAAT,515f-806r,Tofekoca,QIIME2,Bacteria,Firmicutes,Bacilli,Lactobacillales,Enterococcaceae,Enterococcus
233,sp32,HMPMockV1.1.Even1,47,G_HMPMockV1.1.Even1,TGTACGGATAAC,GTGCCAGCMGCCGCGGTAA,GGACTACHVGGGTWTCTAAT,515f-806r,Nenehozi,MG-RAST,Bacteria,Firmicutes,Bacilli,Lactobacillales,Streptococcaceae,Lactococcus
448,sp52,HMPMockV1.2.Staggered1,47,M_HMPMockV1.2.Staggered1,AATCAACTAGGC,GTGCCAGCMGCCGCGGTAA,GGACTACHVGGGTWTCTAAT,515f-806r,Kalofiyo,mothur,Bacteria,Proteobacteria,Alphaproteobacteria,Unclassified,Unclassified,Unclassified
113,sp19,HMPMockV1.2.Staggered2,45,G_HMPMockV1.2.Staggered2,ACACATAAGTCG,GTGCCAGCMGCCGCGGTAA,GGACTACHVGGGTWTCTAAT,515f-806r,Pewizifo,MG-RAST,Bacteria,Firmicutes,Bacilli,Bacillales,Bacillaceae,Bacillus
8,sp1,HMPMockV1.1.Even2,44,G_HMPMockV1.1.Even2,CAAATGGTCGTC,GTGCCAGCMGCCGCGGTAA,GGACTACHVGGGTWTCTAAT,515f-806r,Tofekoca,MG-RAST,Archaea,Euryarchaeota,Methanobacteria,Methanobacteriales,Methanobacteriaceae,Methanobrevibacter
638,sp70,HMPMockV1.2.Staggered2,44,M_HMPMockV1.2.Staggered2,ACACATAAGTCG,GTGCCAGCMGCCGCGGTAA,GGACTACHVGGGTWTCTAAT,515f-806r,Pewizifo,mothur,Bacteria,Proteobacteria,Gammaproteobacteria,Pseudomonadales,Pseudomonadaceae,Unclassified
656,sp71,HMPMockV1.2.Staggered2,41,M_HMPMockV1.2.Staggered2,ACACATAAGTCG,GTGCCAGCMGCCGCGGTAA,GGACTACHVGGGTWTCTAAT,515f-806r,Pewizifo,mothur,Bacteria,Proteobacteria,Gammaproteobacteria,Unclassified,Unclassified,Unclassified
23,sp10,HMPMockV1.1.Even2,39,M_HMPMockV1.1.Even2,CAAATGGTCGTC,GTGCCAGCMGCCGCGGTAA,GGACTACHVGGGTWTCTAAT,515f-806r,Tofekoca,mothur,Bacteria,Actinobacteria,Actinobacteria,Unclassified,Unclassified,Unclassified
407,sp49,HMPMockV1.1.Even2,38,M_HMPMockV1.1.Even2,CAAATGGTCGTC,GTGCCAGCMGCCGCGGTAA,GGACTACHVGGGTWTCTAAT,515f-806r,Tofekoca,mothur,Bacteria,Firmicutes,Unclassified,Unclassified,Unclassified,Unclassified
660,sp71,HMPMockV1.2.Staggered1,38,M_HMPMockV1.2.Staggered1,AATCAACTAGGC,GTGCCAGCMGCCGCGGTAA,GGACTACHVGGGTWTCTAAT,515f-806r,Kalofiyo,mothur,Bacteria,Proteobacteria,Gammaproteobacteria,Unclassified,Unclassified,Unclassified
431,sp50,HMPMockV1.1.Even2,37,G_HMPMockV1.1.Even2,CAAATGGTCGTC,GTGCCAGCMGCCGCGGTAA,GGACTACHVGGGTWTCTAAT,515f-806r,Tofekoca,MG-RAST,Bacteria,Proteobacteria,Alphaproteobacteria,Rhodobacterales,Rhodobacterales,Rhodobacter
1,sp1,HMPMockV1.1.Even1,36,G_HMPMockV1.1.Even1,TGTACGGATAAC,GTGCCAGCMGCCGCGGTAA,GGACTACHVGGGTWTCTAAT,515f-806r,Nenehozi,MG-RAST,Archaea,Euryarchaeota,Methanobacteria,Methanobacteriales,Methanobacteriaceae,Methanobrevibacter
94,sp17,HMPMockV1.1.Even2,34,M_HMPMockV1.1.Even2,CAAATGGTCGTC,GTGCCAGCMGCCGCGGTAA,GGACTACHVGGGTWTCTAAT,515f-806r,Tofekoca,mothur,Bacteria,Deinococcus-Thermus,Deinococci,Deinococcales,Deinococcaceae,Unclassified
421,sp50,HMPMockV1.1.Even1,33,G_HMPMockV1.1.Even1,TGTACGGATAAC,GTGCCAGCMGCCGCGGTAA,GGACTACHVGGGTWTCTAAT,515f-806r,Nenehozi,MG-RAST,Bacteria,Proteobacteria,Alphaproteobacteria,Rhodobacterales,Rhodobacterales,Rhodobacter
534,sp61,HMPMockV1.1.Even1,32,Q_HMPMockV1.1.Even1,TGTACGGATAAC,GTGCCAGCMGCCGCGGTAA,GGACTACHVGGGTWTCTAAT,515f-806r,Nenehozi,QIIME2,Bacteria,Proteobacteria,Gammaproteobacteria,Enterobacteriales,Enterobacteriaceae,Escherichia
218,sp30,HMPMockV1.1.Even1,31,G_HMPMockV1.1.Even1,TGTACGGATAAC,GTGCCAGCMGCCGCGGTAA,GGACTACHVGGGTWTCTAAT,515f-806r,Nenehozi,MG-RAST,Bacteria,Firmicutes,Bacilli,Lactobacillales,Lactobacillaceae,Lactobacillus
422,sp50,HMPMockV1.1.Even2,31,Q_HMPMockV1.1.Even2,CAAATGGTCGTC,GTGCCAGCMGCCGCGGTAA,GGACTACHVGGGTWTCTAAT,515f-806r,Tofekoca,QIIME2,Bacteria,Proteobacteria,Alphaproteobacteria,Rhodobacterales,Rhodobacterales,Rhodobacter
222,sp30,HMPMockV1.1.Even1,30,Q_HMPMockV1.1.Even1,TGTACGGATAAC,GTGCCAGCMGCCGCGGTAA,GGACTACHVGGGTWTCTAAT,515f-806r,Nenehozi,QIIME2,Bacteria,Firmicutes,Bacilli,Lactobacillales,Lactobacillaceae,Lactobacillus
539,sp61,HMPMockV1.1.Even2,30,Q_HMPMockV1.1.Even2,CAAATGGTCGTC,GTGCCAGCMGCCGCGGTAA,GGACTACHVGGGTWTCTAAT,515f-806r,Tofekoca,QIIME2,Bacteria,Proteobacteria,Gammaproteobacteria,Enterobacteriales,Enterobacteriaceae,Escherichia
429,sp50,HMPMockV1.1.Even1,29,Q_HMPMockV1.1.Even1,TGTACGGATAAC,GTGCCAGCMGCCGCGGTAA,GGACTACHVGGGTWTCTAAT,515f-806r,Nenehozi,QIIME2,Bacteria,Proteobacteria,Alphaproteobacteria,Rhodobacterales,Rhodobacterales,Rhodobacter
578,sp66,HMPMockV1.2.Staggered1,28,Q_HMPMockV1.2.Staggered1,AATCAACTAGGC,GTGCCAGCMGCCGCGGTAA,GGACTACHVGGGTWTCTAAT,515f-806r,Kalofiyo,QIIME2,Bacteria,Proteobacteria,Gammaproteobacteria,Pseudomonadales,Moraxellaceae,Acinetobacter
593,sp67,HMPMockV1.1.Even1,26,M_HMPMockV1.1.Even1,TGTACGGATAAC,GTGCCAGCMGCCGCGGTAA,GGACTACHVGGGTWTCTAAT,515f-806r,Nenehozi,mothur,Bacteria,Proteobacteria,Gammaproteobacteria,Pseudomonadales,Moraxellaceae,Unclassified
20,sp10,HMPMockV1.1.Even1,25,M_HMPMockV1.1.Even1,TGTACGGATAAC,GTGCCAGCMGCCGCGGTAA,GGACTACHVGGGTWTCTAAT,515f-806r,Nenehozi,mothur,Bacteria,Actinobacteria,Actinobacteria,Unclassified,Unclassified,Unclassified
585,sp66,HMPMockV1.2.Staggered2,25,Q_HMPMockV1.2.Staggered2,ACACATAAGTCG,GTGCCAGCMGCCGCGGTAA,GGACTACHVGGGTWTCTAAT,515f-806r,Pewizifo,QIIME2,Bacteria,Proteobacteria,Gammaproteobacteria,Pseudomonadales,Moraxellaceae,Acinetobacter
313,sp4,HMPMockV1.1.Even2,21,M_HMPMockV1.1.Even2,CAAATGGTCGTC,GTGCCAGCMGCCGCGGTAA,GGACTACHVGGGTWTCTAAT,515f-806r,Tofekoca,mothur,Bacteria,Actinobacteria,Actinobacteria,Actinomycetales,Actinomycetaceae,Actinomyces
225,sp30,HMPMockV1.1.Even2,19,G_HMPMockV1.1.Even2,CAAATGGTCGTC,GTGCCAGCMGCCGCGGTAA,GGACTACHVGGGTWTCTAAT,515f-806r,Tofekoca,MG-RAST,Bacteria,Firmicutes,Bacilli,Lactobacillales,Lactobacillaceae,Lactobacillus
317,sp4,HMPMockV1.1.Even1,18,M_HMPMockV1.1.Even1,TGTACGGATAAC,GTGCCAGCMGCCGCGGTAA,GGACTACHVGGGTWTCTAAT,515f-806r,Nenehozi,mothur,Bacteria,Actinobacteria,Actinobacteria,Actinomycetales,Actinomycetaceae,Actinomyces
133,sp20,HMPMockV1.2.Staggered2,17,G_HMPMockV1.2.Staggered2,ACACATAAGTCG,GTGCCAGCMGCCGCGGTAA,GGACTACHVGGGTWTCTAAT,515f-806r,Pewizifo,MG-RAST,Bacteria,Firmicutes,Bacilli,Bacillales,Listeriaceae,Listeria
210,sp3,HMPMockV1.1.Even1,17,G_HMPMockV1.1.Even1,TGTACGGATAAC,GTGCCAGCMGCCGCGGTAA,GGACTACHVGGGTWTCTAAT,515f-806r,Nenehozi,MG-RAST,Archaea,Euryarchaeota,Unclassified,Unclassified,Unclassified,Unclassified
439,sp51,HMPMockV1.1.Even2,17,M_HMPMockV1.1.Even2,CAAATGGTCGTC,GTGCCAGCMGCCGCGGTAA,GGACTACHVGGGTWTCTAAT,515f-806r,Tofekoca,mothur,Bacteria,Proteobacteria,Alphaproteobacteria,Rhodobacterales,Rhodobacterales,Unclassified
563,sp64,HMPMockV1.1.Even2,17,M_HMPMockV1.1.Even2,CAAATGGTCGTC,GTGCCAGCMGCCGCGGTAA,GGACTACHVGGGTWTCTAAT,515f-806r,Tofekoca,mothur,Bacteria,Proteobacteria,Gammaproteobacteria,Enterobacteriales,Enterobacteriaceae,Unclassified
53,sp13,HMPMockV1.1.Even1,16,M_HMPMockV1.1.Even1,TGTACGGATAAC,GTGCCAGCMGCCGCGGTAA,GGACTACHVGGGTWTCTAAT,515f-806r,Nenehozi,mothur,Bacteria,Bacteroidetes,Bacteroidia,Bacteroidales,Unclassified,Unclassified
260,sp34,HMPMockV1.2.Staggered1,16,M_HMPMockV1.2.Staggered1,AATCAACTAGGC,GTGCCAGCMGCCGCGGTAA,GGACTACHVGGGTWTCTAAT,515f-806r,Kalofiyo,mothur,Bacteria,Firmicutes,Bacilli,Lactobacillales,Streptococcaceae,Unclassified
442,sp51,HMPMockV1.1.Even1,16,M_HMPMockV1.1.Even1,TGTACGGATAAC,GTGCCAGCMGCCGCGGTAA,GGACTACHVGGGTWTCTAAT,515f-806r,Nenehozi,mothur,Bacteria,Proteobacteria,Alphaproteobacteria,Rhodobacterales,Rhodobacterales,Unclassified
560,sp64,HMPMockV1.1.Even1,16,M_HMPMockV1.1.Even1,TGTACGGATAAC,GTGCCAGCMGCCGCGGTAA,GGACTACHVGGGTWTCTAAT,515f-806r,Nenehozi,mothur,Bacteria,Proteobacteria,Gammaproteobacteria,Enterobacteriales,Enterobacteriaceae,Unclassified
596,sp67,HMPMockV1.1.Even2,16,M_HMPMockV1.1.Even2,CAAATGGTCGTC,GTGCCAGCMGCCGCGGTAA,GGACTACHVGGGTWTCTAAT,515f-806r,Tofekoca,mothur,Bacteria,Proteobacteria,Gammaproteobacteria,Pseudomonadales,Moraxellaceae,Unclassified
419,sp5,HMPMockV1.1.Even1,15,M_HMPMockV1.1.Even1,TGTACGGATAAC,GTGCCAGCMGCCGCGGTAA,GGACTACHVGGGTWTCTAAT,515f-806r,Nenehozi,mothur,Bacteria,Actinobacteria,Actinobacteria,Actinomycetales,Actinomycetaceae,Unclassified
207,sp3,HMPMockV1.1.Even2,14,G_HMPMockV1.1.Even2,CAAATGGTCGTC,GTGCCAGCMGCCGCGGTAA,GGACTACHVGGGTWTCTAAT,515f-806r,Tofekoca,MG-RAST,Archaea,Euryarchaeota,Unclassified,Unclassified,Unclassified,Unclassified
220,sp30,HMPMockV1.1.Even2,14,Q_HMPMockV1.1.Even2,CAAATGGTCGTC,GTGCCAGCMGCCGCGGTAA,GGACTACHVGGGTWTCTAAT,515f-806r,Tofekoca,QIIME2,Bacteria,Firmicutes,Bacilli,Lactobacillales,Lactobacillaceae,Lactobacillus
413,sp5,HMPMockV1.1.Even2,14,M_HMPMockV1.1.Even2,CAAATGGTCGTC,GTGCCAGCMGCCGCGGTAA,GGACTACHVGGGTWTCTAAT,515f-806r,Tofekoca,mothur,Bacteria,Actinobacteria,Actinobacteria,Actinomycetales,Actinomycetaceae,Unclassified
100,sp18,HMPMockV1.1.Even2,12,M_HMPMockV1.1.Even2,CAAATGGTCGTC,GTGCCAGCMGCCGCGGTAA,GGACTACHVGGGTWTCTAAT,515f-806r,Tofekoca,mothur,Bacteria,Deinococcus-Thermus,Deinococci,Unclassified,Unclassified,Unclassified
102,sp18,HMPMockV1.1.Even1,11,M_HMPMockV1.1.Even1,TGTACGGATAAC,GTGCCAGCMGCCGCGGTAA,GGACTACHVGGGTWTCTAAT,515f-806r,Nenehozi,mothur,Bacteria,Deinococcus-Thermus,Deinococci,Unclassified,Unclassified,Unclassified
257,sp34,HMPMockV1.2.Staggered2,11,M_HMPMockV1.2.Staggered2,ACACATAAGTCG,GTGCCAGCMGCCGCGGTAA,GGACTACHVGGGTWTCTAAT,515f-806r,Pewizifo,mothur,Bacteria,Firmicutes,Bacilli,Lactobacillales,Streptococcaceae,Unclassified
579,sp66,HMPMockV1.1.Even1,10,M_HMPMockV1.1.Even1,TGTACGGATAAC,GTGCCAGCMGCCGCGGTAA,GGACTACHVGGGTWTCTAAT,515f-806r,Nenehozi,mothur,Bacteria,Proteobacteria,Gammaproteobacteria,Pseudomonadales,Moraxellaceae,Acinetobacter
582,sp66,HMPMockV1.1.Even2,10,M_HMPMockV1.1.Even2,CAAATGGTCGTC,GTGCCAGCMGCCGCGGTAA,GGACTACHVGGGTWTCTAAT,515f-806r,Tofekoca,mothur,Bacteria,Proteobacteria,Gammaproteobacteria,Pseudomonadales,Moraxellaceae,Acinetobacter
664,sp73,HMPMockV1.1.Even1,10,M_HMPMockV1.1.Even1,TGTACGGATAAC,GTGCCAGCMGCCGCGGTAA,GGACTACHVGGGTWTCTAAT,515f-806r,Nenehozi,mothur,Bacteria,Proteobacteria,Unclassified,Unclassified,Unclassified,Unclassified
668,sp73,HMPMockV1.2.Staggered1,10,M_HMPMockV1.2.Staggered1,AATCAACTAGGC,GTGCCAGCMGCCGCGGTAA,GGACTACHVGGGTWTCTAAT,515f-806r,Kalofiyo,mothur,Bacteria,Proteobacteria,Unclassified,Unclassified,Unclassified,Unclassified
12,sp1,HMPMockV1.1.Even1,9,Q_HMPMockV1.1.Even1,TGTACGGATAAC,GTGCCAGCMGCCGCGGTAA,GGACTACHVGGGTWTCTAAT,515f-806r,Nenehozi,QIIME2,Archaea,Euryarchaeota,Methanobacteria,Methanobacteriales,Methanobacteriaceae,Methanobrevibacter
56,sp13,HMPMockV1.1.Even2,9,M_HMPMockV1.1.Even2,CAAATGGTCGTC,GTGCCAGCMGCCGCGGTAA,GGACTACHVGGGTWTCTAAT,515f-806r,Tofekoca,mothur,Bacteria,Bacteroidetes,Bacteroidia,Bacteroidales,Unclassified,Unclassified
665,sp73,HMPMockV1.1.Even2,9,M_HMPMockV1.1.Even2,CAAATGGTCGTC,GTGCCAGCMGCCGCGGTAA,GGACTACHVGGGTWTCTAAT,515f-806r,Tofekoca,mothur,Bacteria,Proteobacteria,Unclassified,Unclassified,Unclassified,Unclassified
142,sp20,HMPMockV1.2.Staggered1,8,G_HMPMockV1.2.Staggered1,AATCAACTAGGC,GTGCCAGCMGCCGCGGTAA,GGACTACHVGGGTWTCTAAT,515f-806r,Kalofiyo,MG-RAST,Bacteria,Firmicutes,Bacilli,Bacillales,Listeriaceae,Listeria
451,sp52,HMPMockV1.1.Even1,8,M_HMPMockV1.1.Even1,TGTACGGATAAC,GTGCCAGCMGCCGCGGTAA,GGACTACHVGGGTWTCTAAT,515f-806r,Nenehozi,mothur,Bacteria,Proteobacteria,Alphaproteobacteria,Unclassified,Unclassified,Unclassified
475,sp54,HMPMockV1.2.Staggered2,8,M_HMPMockV1.2.Staggered2,ACACATAAGTCG,GTGCCAGCMGCCGCGGTAA,GGACTACHVGGGTWTCTAAT,515f-806r,Pewizifo,mothur,Bacteria,Proteobacteria,Betaproteobacteria,Neisseriales,Neisseriaceae,Unclassified
484,sp57,HMPMockV1.1.Even1,8,Q_HMPMockV1.1.Even1,TGTACGGATAAC,GTGCCAGCMGCCGCGGTAA,GGACTACHVGGGTWTCTAAT,515f-806r,Nenehozi,QIIME2,Bacteria,Proteobacteria,Epsilonproteobacteria,Campylobacterales,Helicobacteraceae,Helicobacter
4,sp1,HMPMockV1.1.Even2,7,Q_HMPMockV1.1.Even2,CAAATGGTCGTC,GTGCCAGCMGCCGCGGTAA,GGACTACHVGGGTWTCTAAT,515f-806r,Tofekoca,QIIME2,Archaea,Euryarchaeota,Methanobacteria,Methanobacteriales,Methanobacteriaceae,Methanobrevibacter
5,sp1,HMPMockV1.2.Staggered2,5,M_HMPMockV1.2.Staggered2,ACACATAAGTCG,GTGCCAGCMGCCGCGGTAA,GGACTACHVGGGTWTCTAAT,515f-806r,Pewizifo,mothur,Archaea,Euryarchaeota,Methanobacteria,Methanobacteriales,Methanobacteriaceae,Methanobrevibacter
9,sp1,HMPMockV1.2.Staggered1,5,M_HMPMockV1.2.Staggered1,AATCAACTAGGC,GTGCCAGCMGCCGCGGTAA,GGACTACHVGGGTWTCTAAT,515f-806r,Kalofiyo,mothur,Archaea,Euryarchaeota,Methanobacteria,Methanobacteriales,Methanobacteriaceae,Methanobrevibacter
140,sp20,HMPMockV1.2.Staggered2,5,Q_HMPMockV1.2.Staggered2,ACACATAAGTCG,GTGCCAGCMGCCGCGGTAA,GGACTACHVGGGTWTCTAAT,515f-806r,Pewizifo,QIIME2,Bacteria,Firmicutes,Bacilli,Bacillales,Listeriaceae,Listeria
243,sp33,HMPMockV1.2.Staggered2,5,M_HMPMockV1.2.Staggered2,ACACATAAGTCG,GTGCCAGCMGCCGCGGTAA,GGACTACHVGGGTWTCTAAT,515f-806r,Pewizifo,mothur,Bacteria,Firmicutes,Bacilli,Lactobacillales,Streptococcaceae,Streptococcus
454,sp52,HMPMockV1.1.Even2,5,M_HMPMockV1.1.Even2,CAAATGGTCGTC,GTGCCAGCMGCCGCGGTAA,GGACTACHVGGGTWTCTAAT,515f-806r,Tofekoca,mothur,Bacteria,Proteobacteria,Alphaproteobacteria,Unclassified,Unclassified,Unclassified
465,sp53,HMPMockV1.2.Staggered1,5,Q_HMPMockV1.2.Staggered1,AATCAACTAGGC,GTGCCAGCMGCCGCGGTAA,GGACTACHVGGGTWTCTAAT,515f-806r,Kalofiyo,QIIME2,Bacteria,Proteobacteria,Betaproteobacteria,Neisseriales,Neisseriaceae,Neisseria
467,sp53,HMPMockV1.2.Staggered2,5,G_HMPMockV1.2.Staggered2,ACACATAAGTCG,GTGCCAGCMGCCGCGGTAA,GGACTACHVGGGTWTCTAAT,515f-806r,Pewizifo,MG-RAST,Bacteria,Proteobacteria,Betaproteobacteria,Neisseriales,Neisseriaceae,Neisseria
604,sp68,HMPMockV1.2.Staggered1,5,M_HMPMockV1.2.Staggered1,AATCAACTAGGC,GTGCCAGCMGCCGCGGTAA,GGACTACHVGGGTWTCTAAT,515f-806r,Kalofiyo,mothur,Bacteria,Proteobacteria,Gammaproteobacteria,Pseudomonadales,Pseudomonadaceae,Azorhizophilus
71,sp14,HMPMockV1.2.Staggered2,4,M_HMPMockV1.2.Staggered2,ACACATAAGTCG,GTGCCAGCMGCCGCGGTAA,GGACTACHVGGGTWTCTAAT,515f-806r,Pewizifo,mothur,Bacteria,Bacteroidetes,Bacteroidia,Unclassified,Unclassified,Unclassified
141,sp20,HMPMockV1.1.Even2,4,M_HMPMockV1.1.Even2,CAAATGGTCGTC,GTGCCAGCMGCCGCGGTAA,GGACTACHVGGGTWTCTAAT,515f-806r,Tofekoca,mothur,Bacteria,Firmicutes,Bacilli,Bacillales,Listeriaceae,Listeria
194,sp27,HMPMockV1.2.Staggered1,4,G_HMPMockV1.2.Staggered1,AATCAACTAGGC,GTGCCAGCMGCCGCGGTAA,GGACTACHVGGGTWTCTAAT,515f-806r,Kalofiyo,MG-RAST,Bacteria,Firmicutes,Bacilli,Lactobacillales,Enterococcaceae,Enterococcus
462,sp53,HMPMockV1.2.Staggered2,4,Q_HMPMockV1.2.Staggered2,ACACATAAGTCG,GTGCCAGCMGCCGCGGTAA,GGACTACHVGGGTWTCTAAT,515f-806r,Pewizifo,QIIME2,Bacteria,Proteobacteria,Betaproteobacteria,Neisseriales,Neisseriaceae,Neisseria
607,sp68,HMPMockV1.1.Even1,4,M_HMPMockV1.1.Even1,TGTACGGATAAC,GTGCCAGCMGCCGCGGTAA,GGACTACHVGGGTWTCTAAT,515f-806r,Nenehozi,mothur,Bacteria,Proteobacteria,Gammaproteobacteria,Pseudomonadales,Pseudomonadaceae,Azorhizophilus
610,sp68,HMPMockV1.1.Even2,4,M_HMPMockV1.1.Even2,CAAATGGTCGTC,GTGCCAGCMGCCGCGGTAA,GGACTACHVGGGTWTCTAAT,515f-806r,Tofekoca,mothur,Bacteria,Proteobacteria,Gammaproteobacteria,Pseudomonadales,Pseudomonadaceae,Azorhizophilus
42,sp12,HMPMockV1.1.Even2,3,M_HMPMockV1.1.Even2,CAAATGGTCGTC,GTGCCAGCMGCCGCGGTAA,GGACTACHVGGGTWTCTAAT,515f-806r,Tofekoca,mothur,Bacteria,Bacteroidetes,Bacteroidia,Bacteroidales,Bacteroidaceae,Bacteroides
330,sp41,HMPMockV1.2.Staggered2,3,M_HMPMockV1.2.Staggered2,ACACATAAGTCG,GTGCCAGCMGCCGCGGTAA,GGACTACHVGGGTWTCTAAT,515f-806r,Pewizifo,mothur,Bacteria,Firmicutes,Clostridia,Clostridiales,Lachnospiraceae,Unclassified
347,sp42,HMPMockV1.2.Staggered1,3,M_HMPMockV1.2.Staggered1,AATCAACTAGGC,GTGCCAGCMGCCGCGGTAA,GGACTACHVGGGTWTCTAAT,515f-806r,Kalofiyo,mothur,Bacteria,Firmicutes,Clostridia,Clostridiales,Peptostreptococcaceae,Asaccharospora
394,sp48,HMPMockV1.2.Staggered2,3,M_HMPMockV1.2.Staggered2,ACACATAAGTCG,GTGCCAGCMGCCGCGGTAA,GGACTACHVGGGTWTCTAAT,515f-806r,Pewizifo,mothur,Bacteria,Firmicutes,Negativicutes,Selenomonadales,Veillonellaceae,Veillonella
477,sp54,HMPMockV1.2.Staggered1,3,M_HMPMockV1.2.Staggered1,AATCAACTAGGC,GTGCCAGCMGCCGCGGTAA,GGACTACHVGGGTWTCTAAT,515f-806r,Kalofiyo,mothur,Bacteria,Proteobacteria,Betaproteobacteria,Neisseriales,Neisseriaceae,Unclassified
482,sp57,HMPMockV1.1.Even2,3,G_HMPMockV1.1.Even2,CAAATGGTCGTC,GTGCCAGCMGCCGCGGTAA,GGACTACHVGGGTWTCTAAT,515f-806r,Tofekoca,MG-RAST,Bacteria,Proteobacteria,Epsilonproteobacteria,Campylobacterales,Helicobacteraceae,Helicobacter
490,sp57,HMPMockV1.2.Staggered1,3,G_HMPMockV1.2.Staggered1,AATCAACTAGGC,GTGCCAGCMGCCGCGGTAA,GGACTACHVGGGTWTCTAAT,515f-806r,Kalofiyo,MG-RAST,Bacteria,Proteobacteria,Epsilonproteobacteria,Campylobacterales,Helicobacteraceae,Helicobacter
499,sp59,HMPMockV1.1.Even2,3,M_HMPMockV1.1.Even2,CAAATGGTCGTC,GTGCCAGCMGCCGCGGTAA,GGACTACHVGGGTWTCTAAT,515f-806r,Tofekoca,mothur,Bacteria,Proteobacteria,Epsilonproteobacteria,Campylobacterales,Unclassified,Unclassified
594,sp67,HMPMockV1.2.Staggered1,3,M_HMPMockV1.2.Staggered1,AATCAACTAGGC,GTGCCAGCMGCCGCGGTAA,GGACTACHVGGGTWTCTAAT,515f-806r,Kalofiyo,mothur,Bacteria,Proteobacteria,Gammaproteobacteria,Pseudomonadales,Moraxellaceae,Unclassified
705,sp8,HMPMockV1.1.Even2,3,G_HMPMockV1.1.Even2,CAAATGGTCGTC,GTGCCAGCMGCCGCGGTAA,GGACTACHVGGGTWTCTAAT,515f-806r,Tofekoca,MG-RAST,Bacteria,Actinobacteria,Actinobacteria,Propionibacteriales,Propionibacteriaceae,Propionibacterium
6,sp1,HMPMockV1.1.Even2,2,M_HMPMockV1.1.Even2,CAAATGGTCGTC,GTGCCAGCMGCCGCGGTAA,GGACTACHVGGGTWTCTAAT,515f-806r,Tofekoca,mothur,Archaea,Euryarchaeota,Methanobacteria,Methanobacteriales,Methanobacteriaceae,Methanobrevibacter
10,sp1,HMPMockV1.1.Even1,2,M_HMPMockV1.1.Even1,TGTACGGATAAC,GTGCCAGCMGCCGCGGTAA,GGACTACHVGGGTWTCTAAT,515f-806r,Nenehozi,mothur,Archaea,Euryarchaeota,Methanobacteria,Methanobacteriales,Methanobacteriaceae,Methanobrevibacter
126,sp2,HMPMockV1.1.Even2,2,M_HMPMockV1.1.Even2,CAAATGGTCGTC,GTGCCAGCMGCCGCGGTAA,GGACTACHVGGGTWTCTAAT,515f-806r,Tofekoca,mothur,Archaea,Euryarchaeota,Methanobacteria,Methanobacteriales,Methanobacteriaceae,Unclassified
137,sp20,HMPMockV1.2.Staggered1,2,Q_HMPMockV1.2.Staggered1,AATCAACTAGGC,GTGCCAGCMGCCGCGGTAA,GGACTACHVGGGTWTCTAAT,515f-806r,Kalofiyo,QIIME2,Bacteria,Firmicutes,Bacilli,Bacillales,Listeriaceae,Listeria
241,sp33,HMPMockV1.2.Staggered2,2,G_HMPMockV1.2.Staggered2,ACACATAAGTCG,GTGCCAGCMGCCGCGGTAA,GGACTACHVGGGTWTCTAAT,515f-806r,Pewizifo,MG-RAST,Bacteria,Firmicutes,Bacilli,Lactobacillales,Streptococcaceae,Streptococcus
360,sp45,HMPMockV1.1.Even1,2,M_HMPMockV1.1.Even1,TGTACGGATAAC,GTGCCAGCMGCCGCGGTAA,GGACTACHVGGGTWTCTAAT,515f-806r,Nenehozi,mothur,Bacteria,Firmicutes,Clostridia,Clostridiales,Unclassified,Unclassified
374,sp47,HMPMockV1.2.Staggered2,2,M_HMPMockV1.2.Staggered2,ACACATAAGTCG,GTGCCAGCMGCCGCGGTAA,GGACTACHVGGGTWTCTAAT,515f-806r,Pewizifo,mothur,Bacteria,Firmicutes,Negativicutes,Selenomonadales,Veillonellaceae,Unclassified
523,sp60,HMPMockV1.1.Even2,2,G_HMPMockV1.1.Even2,CAAATGGTCGTC,GTGCCAGCMGCCGCGGTAA,GGACTACHVGGGTWTCTAAT,515f-806r,Tofekoca,MG-RAST,Bacteria,Proteobacteria,Gammaproteobacteria,Enterobacteriales,Enterobacteriaceae,Erwinia
672,sp73,HMPMockV1.2.Staggered2,2,M_HMPMockV1.2.Staggered2,ACACATAAGTCG,GTGCCAGCMGCCGCGGTAA,GGACTACHVGGGTWTCTAAT,515f-806r,Pewizifo,mothur,Bacteria,Proteobacteria,Unclassified,Unclassified,Unclassified,Unclassified
717,sp9,HMPMockV1.1.Even2,2,M_HMPMockV1.1.Even2,CAAATGGTCGTC,GTGCCAGCMGCCGCGGTAA,GGACTACHVGGGTWTCTAAT,515f-806r,Tofekoca,mothur,Bacteria,Actinobacteria,Actinobacteria,Propionibacteriales,Propionibacteriaceae,Unclassified
24,sp10,HMPMockV1.2.Staggered2,1,M_HMPMockV1.2.Staggered2,ACACATAAGTCG,GTGCCAGCMGCCGCGGTAA,GGACTACHVGGGTWTCTAAT,515f-806r,Pewizifo,mothur,Bacteria,Actinobacteria,Actinobacteria,Unclassified,Unclassified,Unclassified
36,sp11,HMPMockV1.1.Even2,1,M_HMPMockV1.1.Even2,CAAATGGTCGTC,GTGCCAGCMGCCGCGGTAA,GGACTACHVGGGTWTCTAAT,515f-806r,Tofekoca,mothur,Bacteria,Actinobacteria,Unclassified,Unclassified,Unclassified,Unclassified
39,sp12,HMPMockV1.1.Even1,1,M_HMPMockV1.1.Even1,TGTACGGATAAC,GTGCCAGCMGCCGCGGTAA,GGACTACHVGGGTWTCTAAT,515f-806r,Nenehozi,mothur,Bacteria,Bacteroidetes,Bacteroidia,Bacteroidales,Bacteroidaceae,Bacteroides
83,sp16,HMPMockV1.2.Staggered2,1,G_HMPMockV1.2.Staggered2,ACACATAAGTCG,GTGCCAGCMGCCGCGGTAA,GGACTACHVGGGTWTCTAAT,515f-806r,Pewizifo,MG-RAST,Bacteria,Deinococcus-Thermus,Deinococci,Deinococcales,Deinococcaceae,Deinococcus
86,sp17,HMPMockV1.2.Staggered2,1,M_HMPMockV1.2.Staggered2,ACACATAAGTCG,GTGCCAGCMGCCGCGGTAA,GGACTACHVGGGTWTCTAAT,515f-806r,Pewizifo,mothur,Bacteria,Deinococcus-Thermus,Deinococci,Deinococcales,Deinococcaceae,Unclassified
129,sp2,HMPMockV1.2.Staggered2,1,M_HMPMockV1.2.Staggered2,ACACATAAGTCG,GTGCCAGCMGCCGCGGTAA,GGACTACHVGGGTWTCTAAT,515f-806r,Pewizifo,mothur,Archaea,Euryarchaeota,Methanobacteria,Methanobacteriales,Methanobacteriaceae,Unclassified
143,sp20,HMPMockV1.1.Even1,1,M_HMPMockV1.1.Even1,TGTACGGATAAC,GTGCCAGCMGCCGCGGTAA,GGACTACHVGGGTWTCTAAT,515f-806r,Nenehozi,mothur,Bacteria,Firmicutes,Bacilli,Bacillales,Listeriaceae,Listeria
150,sp22,HMPMockV1.2.Staggered1,1,M_HMPMockV1.2.Staggered1,AATCAACTAGGC,GTGCCAGCMGCCGCGGTAA,GGACTACHVGGGTWTCTAAT,515f-806r,Kalofiyo,mothur,Bacteria,Firmicutes,Bacilli,Bacillales,Staphylococcaceae,Staphylococcus
156,sp22,HMPMockV1.1.Even1,1,M_HMPMockV1.1.Even1,TGTACGGATAAC,GTGCCAGCMGCCGCGGTAA,GGACTACHVGGGTWTCTAAT,515f-806r,Nenehozi,mothur,Bacteria,Firmicutes,Bacilli,Bacillales,Staphylococcaceae,Staphylococcus
192,sp26,HMPMockV1.1.Even2,1,M_HMPMockV1.1.Even2,CAAATGGTCGTC,GTGCCAGCMGCCGCGGTAA,GGACTACHVGGGTWTCTAAT,515f-806r,Tofekoca,mothur,Bacteria,Firmicutes,Bacilli,Lactobacillales,Carnobacteriaceae,Unclassified
195,sp27,HMPMockV1.2.Staggered2,1,Q_HMPMockV1.2.Staggered2,ACACATAAGTCG,GTGCCAGCMGCCGCGGTAA,GGACTACHVGGGTWTCTAAT,515f-806r,Pewizifo,QIIME2,Bacteria,Firmicutes,Bacilli,Lactobacillales,Enterococcaceae,Enterococcus
204,sp27,HMPMockV1.2.Staggered2,1,G_HMPMockV1.2.Staggered2,ACACATAAGTCG,GTGCCAGCMGCCGCGGTAA,GGACTACHVGGGTWTCTAAT,515f-806r,Pewizifo,MG-RAST,Bacteria,Firmicutes,Bacilli,Lactobacillales,Enterococcaceae,Enterococcus
224,sp30,HMPMockV1.1.Even1,1,M_HMPMockV1.1.Even1,TGTACGGATAAC,GTGCCAGCMGCCGCGGTAA,GGACTACHVGGGTWTCTAAT,515f-806r,Nenehozi,mothur,Bacteria,Firmicutes,Bacilli,Lactobacillales,Lactobacillaceae,Lactobacillus
226,sp30,HMPMockV1.2.Staggered2,1,G_HMPMockV1.2.Staggered2,ACACATAAGTCG,GTGCCAGCMGCCGCGGTAA,GGACTACHVGGGTWTCTAAT,515f-806r,Pewizifo,MG-RAST,Bacteria,Firmicutes,Bacilli,Lactobacillales,Lactobacillaceae,Lactobacillus
320,sp4,HMPMockV1.2.Staggered1,1,G_HMPMockV1.2.Staggered1,AATCAACTAGGC,GTGCCAGCMGCCGCGGTAA,GGACTACHVGGGTWTCTAAT,515f-806r,Kalofiyo,MG-RAST,Bacteria,Actinobacteria,Actinobacteria,Actinomycetales,Actinomycetaceae,Actinomyces
343,sp42,HMPMockV1.1.Even2,1,M_HMPMockV1.1.Even2,CAAATGGTCGTC,GTGCCAGCMGCCGCGGTAA,GGACTACHVGGGTWTCTAAT,515f-806r,Tofekoca,mothur,Bacteria,Firmicutes,Clostridia,Clostridiales,Peptostreptococcaceae,Asaccharospora
368,sp46,HMPMockV1.1.Even2,1,M_HMPMockV1.1.Even2,CAAATGGTCGTC,GTGCCAGCMGCCGCGGTAA,GGACTACHVGGGTWTCTAAT,515f-806r,Tofekoca,mothur,Bacteria,Firmicutes,Erysipelotrichia,Erysipelotrichales,Erysipelotrichaceae,Erysipelatoclostridium
378,sp47,HMPMockV1.1.Even2,1,M_HMPMockV1.1.Even2,CAAATGGTCGTC,GTGCCAGCMGCCGCGGTAA,GGACTACHVGGGTWTCTAAT,515f-806r,Tofekoca,mothur,Bacteria,Firmicutes,Negativicutes,Selenomonadales,Veillonellaceae,Unclassified
387,sp48,HMPMockV1.2.Staggered2,1,G_HMPMockV1.2.Staggered2,ACACATAAGTCG,GTGCCAGCMGCCGCGGTAA,GGACTACHVGGGTWTCTAAT,515f-806r,Pewizifo,MG-RAST,Bacteria,Firmicutes,Negativicutes,Selenomonadales,Veillonellaceae,Veillonella
391,sp48,HMPMockV1.1.Even2,1,G_HMPMockV1.1.Even2,CAAATGGTCGTC,GTGCCAGCMGCCGCGGTAA,GGACTACHVGGGTWTCTAAT,515f-806r,Tofekoca,MG-RAST,Bacteria,Firmicutes,Negativicutes,Selenomonadales,Veillonellaceae,Veillonella
511,sp6,HMPMockV1.1.Even2,1,M_HMPMockV1.1.Even2,CAAATGGTCGTC,GTGCCAGCMGCCGCGGTAA,GGACTACHVGGGTWTCTAAT,515f-806r,Tofekoca,mothur,Bacteria,Actinobacteria,Actinobacteria,Bifidobacteriales,Bifidobacteriaceae,Unclassified
538,sp61,HMPMockV1.2.Staggered2,1,G_HMPMockV1.2.Staggered2,ACACATAAGTCG,GTGCCAGCMGCCGCGGTAA,GGACTACHVGGGTWTCTAAT,515f-806r,Pewizifo,MG-RAST,Bacteria,Proteobacteria,Gammaproteobacteria,Enterobacteriales,Enterobacteriaceae,Escherichia
545,sp62,HMPMockV1.2.Staggered1,1,G_HMPMockV1.2.Staggered1,AATCAACTAGGC,GTGCCAGCMGCCGCGGTAA,GGACTACHVGGGTWTCTAAT,515f-806r,Kalofiyo,MG-RAST,Bacteria,Proteobacteria,Gammaproteobacteria,Enterobacteriales,Enterobacteriaceae,Klebsiella
569,sp65,HMPMockV1.2.Staggered2,1,M_HMPMockV1.2.Staggered2,ACACATAAGTCG,GTGCCAGCMGCCGCGGTAA,GGACTACHVGGGTWTCTAAT,515f-806r,Pewizifo,mothur,Bacteria,Proteobacteria,Gammaproteobacteria,Pasteurellales,Pasteurellaceae,Unclassified
611,sp68,HMPMockV1.2.Staggered2,1,M_HMPMockV1.2.Staggered2,ACACATAAGTCG,GTGCCAGCMGCCGCGGTAA,GGACTACHVGGGTWTCTAAT,515f-806r,Pewizifo,mothur,Bacteria,Proteobacteria,Gammaproteobacteria,Pseudomonadales,Pseudomonadaceae,Azorhizophilus
634,sp7,HMPMockV1.1.Even2,1,Q_HMPMockV1.1.Even2,CAAATGGTCGTC,GTGCCAGCMGCCGCGGTAA,GGACTACHVGGGTWTCTAAT,515f-806r,Tofekoca,QIIME2,Bacteria,Actinobacteria,Actinobacteria,Propionibacteriales,Propionibacteriaceae,Cutibacterium
